id,name,code
1,Malawi,MW
2,Philippines,PH
3,Serbia,RS
4,Indonesia,ID
5,China,CN
6,China,CN
7,Belarus,BY
8,Brazil,BR
9,Belgium,BE
10,China,CN
11,China,CN
12,Poland,PL
13,Brazil,BR
14,Russia,RU
15,Uganda,UG
16,Indonesia,ID
17,Czech Republic,CZ
18,Paraguay,PY
19,Russia,RU
20,Thailand,TH
21,Greece,GR
22,Finland,FI
23,Indonesia,ID
24,Czech Republic,CZ
25,China,CN
26,Czech Republic,CZ
27,Micronesia,FM
28,Philippines,PH
29,Peru,PE
30,France,FR
31,Somalia,SO
32,Portugal,PT
33,Uganda,UG
34,China,CN
35,Norway,NO
36,Switzerland,CH
37,China,CN
38,Finland,FI
39,Serbia,RS
40,China,CN
41,Brazil,BR
42,Canada,CA
43,Norway,NO
44,China,CN
45,Nigeria,NG
46,Brazil,BR
47,China,CN
48,Bolivia,BO
49,Philippines,PH
50,Colombia,CO
51,United States,US
52,Brazil,BR
53,Sierra Leone,SL
54,Colombia,CO
55,Indonesia,ID
56,China,CN
57,Tanzania,TZ
58,Bulgaria,BG
59,Slovenia,SI
60,Indonesia,ID
61,Colombia,CO
62,Jamaica,JM
63,Ethiopia,ET
64,Indonesia,ID
65,Greece,GR
66,Germany,DE
67,China,CN
68,China,CN
69,Sri Lanka,LK
70,Pakistan,PK
71,Indonesia,ID
72,Brazil,BR
73,China,CN
74,Cambodia,KH
75,Sweden,SE
76,Vietnam,VN
77,Peru,PE
78,China,CN
79,Greece,GR
80,Indonesia,ID
81,Burundi,BI
82,Philippines,PH
83,Cambodia,KH
84,China,CN
85,Mongolia,MN
86,Venezuela,VE
87,Peru,PE
88,Brazil,BR
89,Indonesia,ID
90,China,CN
91,Afghanistan,AF
92,Nigeria,NG
93,Indonesia,ID
94,United States,US
95,Bosnia and Herzegovina,BA
96,Indonesia,ID
97,Malaysia,MY
98,Nicaragua,NI
99,Kyrgyzstan,KG
100,Malaysia,MY
101,Brazil,BR
102,Cuba,CU
103,China,CN
104,Philippines,PH
105,Ireland,IE
106,Portugal,PT
107,Sweden,SE
108,China,CN
109,France,FR
110,Malaysia,MY
111,Indonesia,ID
112,Philippines,PH
113,Lesotho,LS
114,Russia,RU
115,Luxembourg,LU
116,Sweden,SE
117,Indonesia,ID
118,Philippines,PH
119,Philippines,PH
120,China,CN
121,Argentina,AR
122,Nepal,NP
123,Argentina,AR
124,France,FR
125,Greece,GR
126,Yemen,YE
127,Ethiopia,ET
128,Poland,PL
129,Poland,PL
130,Poland,PL
131,Portugal,PT
132,China,CN
133,Russia,RU
134,China,CN
135,Egypt,EG
136,Portugal,PT
137,United States,US
138,Ukraine,UA
139,Thailand,TH
140,Albania,AL
141,Russia,RU
142,China,CN
143,Croatia,HR
144,Portugal,PT
145,Indonesia,ID
146,China,CN
147,Albania,AL
148,Syria,SY
149,South Africa,ZA
150,Mexico,MX
151,China,CN
152,Armenia,AM
153,China,CN
154,China,CN
155,Canada,CA
156,Honduras,HN
157,Micronesia,FM
158,Philippines,PH
159,Russia,RU
160,Russia,RU
161,Norway,NO
162,Indonesia,ID
163,China,CN
164,France,FR
165,Greece,GR
166,Poland,PL
167,Nigeria,NG
168,France,FR
169,Czech Republic,CZ
170,Philippines,PH
171,Chile,CL
172,Poland,PL
173,South Africa,ZA
174,Syria,SY
175,Iran,IR
176,Indonesia,ID
177,Philippines,PH
178,Czech Republic,CZ
179,Russia,RU
180,France,FR
181,Russia,RU
182,Russia,RU
183,Brazil,BR
184,Ivory Coast,CI
185,Malaysia,MY
186,Portugal,PT
187,Ireland,IE
188,Sweden,SE
189,Russia,RU
190,Curacao,CW
191,United States,US
192,Venezuela,VE
193,Egypt,EG
194,China,CN
195,Indonesia,ID
196,Indonesia,ID
197,Colombia,CO
198,China,CN
199,France,FR
200,Brazil,BR
201,Norway,NO
202,Thailand,TH
203,China,CN
204,China,CN
205,China,CN
206,Portugal,PT
207,Nigeria,NG
208,Kyrgyzstan,KG
209,Portugal,PT
210,China,CN
211,China,CN
212,France,FR
213,Russia,RU
214,Ireland,IE
215,Canada,CA
216,Russia,RU
217,Russia,RU
218,Russia,RU
219,Luxembourg,LU
220,China,CN
221,Iceland,IS
222,Philippines,PH
223,Indonesia,ID
224,Macedonia,MK
225,Hungary,HU
226,South Africa,ZA
227,China,CN
228,Indonesia,ID
229,Brazil,BR
230,Indonesia,ID
231,China,CN
232,China,CN
233,Poland,PL
234,China,CN
235,Sweden,SE
236,China,CN
237,Philippines,PH
238,Guatemala,GT
239,Tanzania,TZ
240,Indonesia,ID
241,China,CN
242,Philippines,PH
243,France,FR
244,Indonesia,ID
245,China,CN
246,Japan,JP
247,Venezuela,VE
248,Mexico,MX
249,Kenya,KE
250,Afghanistan,AF
251,Russia,RU
252,Ukraine,UA
253,France,FR
254,Brazil,BR
255,Czech Republic,CZ
256,Brazil,BR
257,United States,US
258,China,CN
259,China,CN
260,China,CN
261,Philippines,PH
262,China,CN
263,Indonesia,ID
264,Indonesia,ID
265,Azerbaijan,AZ
266,Poland,PL
267,Serbia,RS
268,Netherlands,NL
269,China,CN
270,Indonesia,ID
271,China,CN
272,China,CN
273,Yemen,YE
274,China,CN
275,Argentina,AR
276,Cameroon,CM
277,Vietnam,VN
278,United States,US
279,Russia,RU
280,Spain,ES
281,Indonesia,ID
282,Russia,RU
283,Argentina,AR
284,Libya,LY
285,Senegal,SN
286,Philippines,PH
287,Czech Republic,CZ
288,Rwanda,RW
289,Russia,RU
290,China,CN
291,Ecuador,EC
292,China,CN
293,Kuwait,KW
294,Poland,PL
295,France,FR
296,Portugal,PT
297,Syria,SY
298,France,FR
299,Czech Republic,CZ
300,Uganda,UG
301,Portugal,PT
302,Philippines,PH
303,Indonesia,ID
304,Indonesia,ID
305,Portugal,PT
306,Nigeria,NG
307,China,CN
308,Serbia,RS
309,Thailand,TH
310,Kuwait,KW
311,Canada,CA
312,Armenia,AM
313,Russia,RU
314,China,CN
315,China,CN
316,South Korea,KR
317,Germany,DE
318,China,CN
319,Indonesia,ID
320,China,CN
321,Indonesia,ID
322,Poland,PL
323,China,CN
324,Ukraine,UA
325,Sweden,SE
326,United States,US
327,China,CN
328,Poland,PL
329,Bangladesh,BD
330,United States,US
331,Brazil,BR
332,Portugal,PT
333,Saudi Arabia,SA
334,Croatia,HR
335,Japan,JP
336,Tajikistan,TJ
337,Cuba,CU
338,Thailand,TH
339,Philippines,PH
340,Czech Republic,CZ
341,Marshall Islands,MH
342,China,CN
343,Cape Verde,CV
344,Philippines,PH
345,Russia,RU
346,United States,US
347,Indonesia,ID
348,Philippines,PH
349,United States,US
350,China,CN
351,Japan,JP
352,Czech Republic,CZ
353,Finland,FI
354,Brazil,BR
355,Sweden,SE
356,Ivory Coast,CI
357,Cuba,CU
358,Guatemala,GT
359,Portugal,PT
360,Israel,IL
361,Philippines,PH
362,Indonesia,ID
363,Philippines,PH
364,Russia,RU
365,Cameroon,CM
366,Bolivia,BO
367,Russia,RU
368,North Korea,KP
369,China,CN
370,China,CN
371,Russia,RU
372,United States,US
373,United States,US
374,Portugal,PT
375,Madagascar,MG
376,Italy,IT
377,Bolivia,BO
378,Uganda,UG
379,Japan,JP
380,Greece,GR
381,China,CN
382,Indonesia,ID
383,United States,US
384,Palestinian Territory,PS
385,Belarus,BY
386,United States,US
387,Czech Republic,CZ
388,China,CN
389,Brazil,BR
390,French Southern Territories,TF
391,Sweden,SE
392,Thailand,TH
393,China,CN
394,China,CN
395,China,CN
396,Portugal,PT
397,Ukraine,UA
398,Paraguay,PY
399,Mexico,MX
400,Philippines,PH
401,Philippines,PH
402,China,CN
403,Malaysia,MY
404,Croatia,HR
405,Indonesia,ID
406,Thailand,TH
407,China,CN
408,Russia,RU
409,Germany,DE
410,Myanmar,MM
411,Finland,FI
412,Paraguay,PY
413,China,CN
414,Portugal,PT
415,Indonesia,ID
416,Indonesia,ID
417,Indonesia,ID
418,Indonesia,ID
419,China,CN
420,Croatia,HR
421,Indonesia,ID
422,Indonesia,ID
423,Poland,PL
424,China,CN
425,Libya,LY
426,Kenya,KE
427,Sri Lanka,LK
428,Indonesia,ID
429,Sweden,SE
430,Mexico,MX
431,Argentina,AR
432,Serbia,RS
433,Egypt,EG
434,Colombia,CO
435,Indonesia,ID
436,China,CN
437,Indonesia,ID
438,France,FR
439,China,CN
440,Armenia,AM
441,Canada,CA
442,Ukraine,UA
443,Guatemala,GT
444,China,CN
445,Indonesia,ID
446,South Africa,ZA
447,Mexico,MX
448,Thailand,TH
449,Israel,IL
450,China,CN
451,Indonesia,ID
452,Czech Republic,CZ
453,Vietnam,VN
454,Canada,CA
455,Malawi,MW
456,Argentina,AR
457,Comoros,KM
458,China,CN
459,Colombia,CO
460,Hungary,HU
461,China,CN
462,Poland,PL
463,China,CN
464,Armenia,AM
465,Argentina,AR
466,China,CN
467,North Korea,KP
468,Nigeria,NG
469,Indonesia,ID
470,China,CN
471,Russia,RU
472,Czech Republic,CZ
473,Mauritius,MU
474,Philippines,PH
475,Nepal,NP
476,Kazakhstan,KZ
477,Indonesia,ID
478,Indonesia,ID
479,New Zealand,NZ
480,Honduras,HN
481,Indonesia,ID
482,Indonesia,ID
483,Greece,GR
484,China,CN
485,Malaysia,MY
486,Czech Republic,CZ
487,Fiji,FJ
488,Ukraine,UA
489,Palestinian Territory,PS
490,Portugal,PT
491,Estonia,EE
492,China,CN
493,Palestinian Territory,PS
494,Indonesia,ID
495,Russia,RU
496,Poland,PL
497,France,FR
498,Iceland,IS
499,Indonesia,ID
500,Colombia,CO
501,Nigeria,NG
502,Portugal,PT
503,China,CN
504,China,CN
505,Ukraine,UA
506,China,CN
507,China,CN
508,Spain,ES
509,Argentina,AR
510,China,CN
511,China,CN
512,Russia,RU
513,United States,US
514,Nigeria,NG
515,China,CN
516,Egypt,EG
517,Philippines,PH
518,Japan,JP
519,China,CN
520,Indonesia,ID
521,Indonesia,ID
522,Czech Republic,CZ
523,China,CN
524,Israel,IL
525,China,CN
526,Portugal,PT
527,Portugal,PT
528,Canada,CA
529,Brazil,BR
530,Zimbabwe,ZW
531,Chile,CL
532,China,CN
533,Russia,RU
534,Kyrgyzstan,KG
535,Dominican Republic,DO
536,Russia,RU
537,Brazil,BR
538,China,CN
539,Sweden,SE
540,Sweden,SE
541,China,CN
542,Ukraine,UA
543,Russia,RU
544,China,CN
545,Peru,PE
546,Gambia,GM
547,Poland,PL
548,China,CN
549,Nicaragua,NI
550,Indonesia,ID
551,Brazil,BR
552,Argentina,AR
553,China,CN
554,China,CN
555,Russia,RU
556,Indonesia,ID
557,Malawi,MW
558,China,CN
559,Libya,LY
560,China,CN
561,Indonesia,ID
562,Malta,MT
563,Palestinian Territory,PS
564,Namibia,NA
565,United States,US
566,Peru,PE
567,Costa Rica,CR
568,China,CN
569,Sri Lanka,LK
570,Russia,RU
571,Indonesia,ID
572,Philippines,PH
573,Indonesia,ID
574,South Africa,ZA
575,Indonesia,ID
576,China,CN
577,China,CN
578,Russia,RU
579,China,CN
580,Poland,PL
581,Russia,RU
582,Belarus,BY
583,Indonesia,ID
584,Syria,SY
585,Poland,PL
586,Japan,JP
587,Poland,PL
588,Honduras,HN
589,Czech Republic,CZ
590,China,CN
591,Poland,PL
592,Philippines,PH
593,China,CN
594,China,CN
595,Italy,IT
596,Yemen,YE
597,France,FR
598,Madagascar,MG
599,China,CN
600,Australia,AU
601,Norway,NO
602,Greece,GR
603,Syria,SY
604,China,CN
605,France,FR
606,Malaysia,MY
607,Brazil,BR
608,China,CN
609,Indonesia,ID
610,Brazil,BR
611,Sweden,SE
612,Luxembourg,LU
613,Indonesia,ID
614,Indonesia,ID
615,Palestinian Territory,PS
616,Sweden,SE
617,Czech Republic,CZ
618,Malaysia,MY
619,China,CN
620,Belarus,BY
621,Malaysia,MY
622,Armenia,AM
623,Netherlands,NL
624,Indonesia,ID
625,Portugal,PT
626,China,CN
627,Nepal,NP
628,Ethiopia,ET
629,Sweden,SE
630,Thailand,TH
631,Israel,IL
632,Poland,PL
633,Russia,RU
634,Indonesia,ID
635,Morocco,MA
636,China,CN
637,Canada,CA
638,South Korea,KR
639,Ukraine,UA
640,Colombia,CO
641,Russia,RU
642,Indonesia,ID
643,China,CN
644,Colombia,CO
645,China,CN
646,Philippines,PH
647,Russia,RU
648,Czech Republic,CZ
649,Brazil,BR
650,Colombia,CO
651,Croatia,HR
652,Brazil,BR
653,Poland,PL
654,France,FR
655,Russia,RU
656,Mali,ML
657,Sweden,SE
658,Poland,PL
659,Indonesia,ID
660,Kosovo,XK
661,China,CN
662,Poland,PL
663,China,CN
664,Philippines,PH
665,Philippines,PH
666,Panama,PA
667,Ukraine,UA
668,Venezuela,VE
669,Poland,PL
670,Russia,RU
671,China,CN
672,Mongolia,MN
673,Madagascar,MG
674,Ukraine,UA
675,Peru,PE
676,Philippines,PH
677,Philippines,PH
678,Indonesia,ID
679,France,FR
680,Philippines,PH
681,Greece,GR
682,Indonesia,ID
683,China,CN
684,Iran,IR
685,Indonesia,ID
686,Russia,RU
687,Indonesia,ID
688,Indonesia,ID
689,Poland,PL
690,Myanmar,MM
691,China,CN
692,China,CN
693,Portugal,PT
694,Portugal,PT
695,Azerbaijan,AZ
696,Russia,RU
697,Chile,CL
698,Myanmar,MM
699,China,CN
700,Indonesia,ID
701,Portugal,PT
702,United States,US
703,Poland,PL
704,China,CN
705,Brazil,BR
706,Cuba,CU
707,Somalia,SO
708,Russia,RU
709,Angola,AO
710,Russia,RU
711,Vietnam,VN
712,Denmark,DK
713,Brazil,BR
714,Thailand,TH
715,China,CN
716,China,CN
717,Indonesia,ID
718,Poland,PL
719,Portugal,PT
720,United States,US
721,Indonesia,ID
722,China,CN
723,Czech Republic,CZ
724,Jamaica,JM
725,Philippines,PH
726,Russia,RU
727,Brazil,BR
728,China,CN
729,Sweden,SE
730,Peru,PE
731,China,CN
732,Albania,AL
733,Spain,ES
734,China,CN
735,France,FR
736,Ukraine,UA
737,Ukraine,UA
738,Poland,PL
739,Czech Republic,CZ
740,Russia,RU
741,Indonesia,ID
742,China,CN
743,Mauritius,MU
744,China,CN
745,China,CN
746,Czech Republic,CZ
747,South Africa,ZA
748,United States,US
749,Haiti,HT
750,Philippines,PH
751,Greece,GR
752,Indonesia,ID
753,China,CN
754,Russia,RU
755,Brunei,BN
756,Brazil,BR
757,Peru,PE
758,Bolivia,BO
759,Mexico,MX
760,China,CN
761,Japan,JP
762,China,CN
763,Democratic Republic of the Congo,CD
764,Indonesia,ID
765,Bosnia and Herzegovina,BA
766,France,FR
767,Nigeria,NG
768,Indonesia,ID
769,China,CN
770,Peru,PE
771,Syria,SY
772,Indonesia,ID
773,Mauritania,MR
774,Russia,RU
775,China,CN
776,China,CN
777,Brazil,BR
778,Indonesia,ID
779,Ukraine,UA
780,Canada,CA
781,Argentina,AR
782,China,CN
783,Indonesia,ID
784,Colombia,CO
785,Portugal,PT
786,Czech Republic,CZ
787,Spain,ES
788,Liberia,LR
789,Indonesia,ID
790,Nepal,NP
791,China,CN
792,Czech Republic,CZ
793,Tanzania,TZ
794,Bermuda,BM
795,Vietnam,VN
796,Ethiopia,ET
797,Australia,AU
798,Indonesia,ID
799,Ukraine,UA
800,Sweden,SE
801,Croatia,HR
802,China,CN
803,United States,US
804,Honduras,HN
805,China,CN
806,China,CN
807,Tajikistan,TJ
808,Bahamas,BS
809,China,CN
810,Russia,RU
811,Morocco,MA
812,Russia,RU
813,China,CN
814,Indonesia,ID
815,Indonesia,ID
816,France,FR
817,Indonesia,ID
818,China,CN
819,Indonesia,ID
820,China,CN
821,China,CN
822,China,CN
823,Indonesia,ID
824,Botswana,BW
825,Belarus,BY
826,Denmark,DK
827,Albania,AL
828,China,CN
829,Bhutan,BT
830,Czech Republic,CZ
831,Sweden,SE
832,China,CN
833,Indonesia,ID
834,China,CN
835,China,CN
836,China,CN
837,Turkey,TR
838,China,CN
839,Mexico,MX
840,Equatorial Guinea,GQ
841,Brazil,BR
842,Russia,RU
843,Chile,CL
844,Indonesia,ID
845,United States,US
846,Greece,GR
847,Brazil,BR
848,Indonesia,ID
849,China,CN
850,Greece,GR
851,China,CN
852,United States,US
853,Portugal,PT
854,Indonesia,ID
855,Portugal,PT
856,China,CN
857,Brazil,BR
858,Indonesia,ID
859,China,CN
860,Sweden,SE
861,Israel,IL
862,Russia,RU
863,China,CN
864,Sweden,SE
865,Zimbabwe,ZW
866,Philippines,PH
867,Russia,RU
868,Argentina,AR
869,Indonesia,ID
870,Brazil,BR
871,Russia,RU
872,Iran,IR
873,United States,US
874,Indonesia,ID
875,China,CN
876,Brazil,BR
877,China,CN
878,Poland,PL
879,China,CN
880,Cuba,CU
881,Thailand,TH
882,South Africa,ZA
883,Brazil,BR
884,Brazil,BR
885,Philippines,PH
886,Russia,RU
887,Russia,RU
888,China,CN
889,Sweden,SE
890,Kosovo,XK
891,Mongolia,MN
892,Kazakhstan,KZ
893,Poland,PL
894,China,CN
895,China,CN
896,Ukraine,UA
897,Panama,PA
898,Brazil,BR
899,Russia,RU
900,South Africa,ZA
901,China,CN
902,Argentina,AR
903,Kenya,KE
904,Brazil,BR
905,China,CN
906,United States,US
907,Indonesia,ID
908,Czech Republic,CZ
909,Saudi Arabia,SA
910,Sudan,SD
911,Indonesia,ID
912,Ukraine,UA
913,China,CN
914,Portugal,PT
915,Vietnam,VN
916,China,CN
917,China,CN
918,Portugal,PT
919,Peru,PE
920,Philippines,PH
921,Egypt,EG
922,Russia,RU
923,Russia,RU
924,Georgia,GE
925,China,CN
926,Russia,RU
927,China,CN
928,Jamaica,JM
929,China,CN
930,Cuba,CU
931,Philippines,PH
932,Thailand,TH
933,Indonesia,ID
934,United States,US
935,France,FR
936,China,CN
937,China,CN
938,Nigeria,NG
939,Philippines,PH
940,United States,US
941,South Sudan,SS
942,Poland,PL
943,Argentina,AR
944,Russia,RU
945,Norway,NO
946,Philippines,PH
947,China,CN
948,China,CN
949,Pakistan,PK
950,Czech Republic,CZ
951,Jamaica,JM
952,China,CN
953,Russia,RU
954,Ireland,IE
955,Japan,JP
956,Russia,RU
957,Philippines,PH
958,Japan,JP
959,China,CN
960,Libya,LY
961,Peru,PE
962,Ukraine,UA
963,Peru,PE
964,Portugal,PT
965,China,CN
966,Indonesia,ID
967,Oman,OM
968,Indonesia,ID
969,Indonesia,ID
970,Ukraine,UA
971,Indonesia,ID
972,Philippines,PH
973,Panama,PA
974,Poland,PL
975,United States,US
976,Russia,RU
977,Russia,RU
978,Thailand,TH
979,China,CN
980,Sweden,SE
981,China,CN
982,Vietnam,VN
983,Guatemala,GT
984,France,FR
985,Russia,RU
986,Peru,PE
987,Indonesia,ID
988,Philippines,PH
989,Guatemala,GT
990,Argentina,AR
991,Malaysia,MY
992,Mexico,MX
993,China,CN
994,Portugal,PT
995,Norway,NO
996,Brazil,BR
997,China,CN
998,Poland,PL
999,China,CN
1000,Honduras,HN
